[
    {
      "name": "general",
      "type": "tinkers_text",
      "data": "slotless/general.json"
    },
     {
      "type": "modifier",
      "data": "slotless/general/overslime.json"
    },
    {
      "type": "modifier",
      "data": "slotless/general/shiny.json"
    },
     {
      "type": "modifier",
      "data": "slotless/general/worldbound.json"
    },
  
    {
      "name": "bonus",
      "type": "tinkers_text",
      "data": "slotless/bonus.json"
    },
    {
      "type": "modifier",
      "data": "slotless/bonus/draconic.json"
    },
    {
        "type": "modifier",
        "data": "slotless/bonus/gaia_influenced.json"
    },
    {
      "type": "modifier",
      "data": "slotless/bonus/harmonious.json"
    },
    {
      "type": "modifier",
      "data": "slotless/bonus/recapitated.json"
    },
    {
      "type": "modifier",
      "data": "slotless/bonus/resurrected.json"
    },
    {
        "type": "modifier",
        "data": "slotless/bonus/end_fiber.json"
    },
    {
        "type": "modifier",
        "data": "slotless/bonus/irradiant.json"
    },
    {
      "type": "modifier",
      "data": "slotless/bonus/writable.json"
    }
]