{
    "availability": {
      "tier": 2,
      "categories": [
        "metal"
      ],
      "visible": true,
      "gear_blacklist": [],
      "can_salvage": true
    },
    "crafting_items": {
      "main": {
        "tag": "forge:ingots/arcane_gold"
      }
    },
    "name": {
      "translate": "Arcane Gold"
    },
    "stats": {
      "main": {
        "durability": 128.0,
        "armor_durability": 14.0,
        "enchantability": 35.0,
        "harvest_level": 0.0,
        "harvest_speed": 12.0,
        "melee_damage": 1.0,
        "magic_damage": 4.0,
        "attack_speed": 0.0,
        "armor": 14.0,
        "armor/helmet": 3.0,
        "armor/chestplate": 6.0,
        "armor/leggings": 4.0,
        "armor/boots": 2.0,
        "magic_armor": 10.0,
        "ranged_damage": 1.0,
        "ranged_speed": 0.3,
        "projectile_speed": 1.1,
        "projectile_accuracy": 1.3,
        "rarity": 60.0,
        "silentgems:chargeability": 1.2
      },
      "rod": {
        "durability": {
          "mul2": 0.1
        },
        "enchantability": {
          "add": 5.0
        },
        "rarity": 42.0
      },
      "tip": {
        "durability": {
          "add": 32.0
        },
        "armor_durability": {
          "add": 2.0
        },
        "harvest_speed": {
          "add": 6.0
        },
        "magic_damage": {
          "add": 2.5
        },
        "ranged_speed": {
          "add": 0.2
        },
        "rarity": {
          "add": 34.0
        }
      },
      "coating": {
        "durability": {
          "mul2": -0.08
        },
        "armor_durability": {
          "mul2": -0.08
        },
        "rarity": {
          "add": 12.0
        }
      }
    },
    "traits": {
      "main": [
        {
          "name": "silentgear:brilliant",
          "level": 1,
          "conditions": [
            {
              "type": "silentgear:primary_material"
            }
          ]
        },
        {
          "name": "silentgear:malleable",
          "level": 1
        },
        {
          "name": "silentgear:soft",
          "level": 3
        },
        {
            "name": "silentgear:silky",
            "level": 1
        }
      ],
      "rod": [
        {
          "name": "silentgear:malleable",
          "level": 1,
          "conditions": [
            {
              "type": "silentgear:material_ratio",
              "ratio": 0.5
            }
          ]
        },
        {
            "name": "silentgear:synergistic",
            "level": 2
        }
      ],
      "tip": [
        {
          "name": "silentgear:malleable",
          "level": 1
        },
        {
          "name": "silentgear:soft",
          "level": 3
        }
      ],
      "coating": [
        {
          "name": "silentgear:brilliant",
          "level": 1
        },
        {
          "name": "silentgear:soft",
          "level": 3
        }
      ]
    }
  }