{
  "availability": {
    "tier": 4,
    "categories": [
      "gem"
    ],
    "visible": true,
    "gear_blacklist": [],
    "can_salvage": true
  },
  "crafting_items": {
    "main": {
      "item": "mysticalagriculture:imperium_gemstone"
    }
  },
  "name": {
    "text": "Imperium"
  },
  "stats": {
    "main": {
      "durability": 6000.0,
      "armor_durability": 140.0,
      "enchantability": 19.0,
      "harvest_level": 4.0,
      "harvest_speed": 19.0,
      "melee_damage": 13.0,
      "magic_damage": 1.0,
      "attack_speed": 0.0,
      "armor": 27.0,
      "armor/helmet": 5.0,
      "armor/chestplate": 9.0,
      "armor/leggings": 8.0,
      "armor/boots": 5.0,
      "armor_toughness": 11.0,
      "magic_armor": 4.0,
      "ranged_damage": 3.8,
      "ranged_speed": -0.2,
      "projectile_speed": 0.9,
      "projectile_accuracy": 1.1,
      "rarity": 90.0,
      "silentgems:chargeability": 0.7
    },
    "rod": {
      "durability": {
        "mul2": 0.4
      },
      "harvest_speed": {
        "mul2": 0.4
      },
      "rarity": 65.0
    },
    "tip": {
      "durability": {
        "add": 958.0
      },
      "armor_durability": {
        "add": 31.0
      },
      "harvest_level": {
        "max": 4.0
      },
      "harvest_speed": {
        "add": 3.0
      },
      "melee_damage": {
        "add": 3.2
      },
      "magic_damage": {
        "add": 1.0
      },
      "ranged_damage": {
        "add": 0.85
      },
      "rarity": {
        "add": 35.0
      }
    },
    "adornment": {}
  },
  "traits": {
    "main": [
      {
        "name": "silentgear:lustrous",
        "level": 1,
        "conditions": [
          {
            "type": "silentgear:or",
            "values": [
              {
                "type": "silentgear:material_count",
                "count": 3
              },
              {
                "type": "silentgear:material_ratio",
                "ratio": 0.5
              }
            ]
          }
        ]
      }
    ],
    "rod": [
      {
        "name": "silentgear:brittle",
        "level": 2,
        "conditions": [
          {
            "type": "silentgear:material_ratio",
            "ratio": 0.5
          }
        ]
      },
      {
        "name": "silentgear:lustrous",
        "level": 4,
        "conditions": [
          {
            "type": "silentgear:material_ratio",
            "ratio": 0.5
          }
        ]
      }
    ],
    "tip": [
      {
        "name": "silentgear:brittle",
        "level": 1
      },
      {
        "name": "silentgear:lustrous",
        "level": 2
      }
    ],
    "adornment": [
      {
        "name": "silentgear:bastion",
        "level": 1
      }
    ]
  }
}