{
    "availability": {
      "tier": 2,
      "categories": [
        "metal"
      ],
      "visible": true,
      "gear_blacklist": [],
      "can_salvage": true
    },
    "crafting_items": {
      "main": {
        "tag": "forge:ingots/pewter"
      }
    },
    "name": {
      "translate": "Pewter"
    },
    "stats": {
      "main": {
        "durability": 260.0,
        "armor_durability": 15.0,
        "enchantability": 15.0,
        "harvest_level": 2.0,
        "harvest_speed": 6.0,
        "melee_damage": 2.0,
        "magic_damage": 3.0,
        "attack_speed": 0.0,
        "armor": 15.0,
        "armor/helmet": 2.0,
        "armor/chestplate": 6.0,
        "armor/leggings": 5.0,
        "armor/boots": 2.0,
        "magic_armor": 7.0,
        "ranged_damage": 1.0,
        "ranged_speed": 0.1,
        "projectile_speed": 1.0,
        "projectile_accuracy": 1.1,
        "rarity": 45.0,
        "silentgems:chargeability": 0.8
      },
      "rod": {
        "durability": {
          "mul2": 0.15
        },
        "melee_damage": {
          "mul2": 0.1
        },
        "rarity": 42.0
      },
      "tip": {
        "durability": {
          "add": 128.0
        },
        "armor_durability": {
          "add": 4.0
        },
        "harvest_level": {
          "max": 2.0
        },
        "harvest_speed": {
          "add": 1.0
        },
        "melee_damage": {
          "add": 1.0
        },
        "ranged_speed": {
          "add": 0.2
        },
        "rarity": {
          "add": 9.0
        }
      }
    },
    "traits": {
      "main": [
        {
          "name": "silentgear:malleable",
          "level": 3
        },
        {
          "name": "silentgear:magnetic",
          "level": 1,
          "conditions": [
            {
              "type": "silentgear:material_ratio",
              "ratio": 0.66
            }
          ]
        },
        {
            "name": "silentgear:aquatic",
            "level": 2,
            "conditions": [
              {
                "type": "silentgear:or",
                "values": [
                  {
                    "type": "silentgear:material_count",
                    "count": 3
                  },
                  {
                    "type": "silentgear:material_ratio",
                    "ratio": 0.35
                  }
                ]
              }
            ]
        }
      ],
      "rod": [
        {
          "name": "silentgear:magnetic",
          "level": 3,
          "conditions": [
            {
              "type": "silentgear:material_ratio",
              "ratio": 0.5
            }
          ]
        }
      ],
      "tip": [
        {
          "name": "silentgear:malleable",
          "level": 2
        }
      ]
    }
  }