{
  "availability": {
    "tier": 3,
    "categories": [
      "gem"
    ],
    "visible": true,
    "gear_blacklist": [],
    "can_salvage": true
  },
  "crafting_items": {
    "main": {
      "item": "mysticalagriculture:prudentium_gemstone"
    }
  },
  "name": {
    "text": "Prudentium"
  },
  "stats": {
    "main": {
      "durability": 2800.0,
      "armor_durability": 60.0,
      "enchantability": 14.0,
      "harvest_level": 3.0,
      "harvest_speed": 11.0,
      "melee_damage": 6.0,
      "magic_damage": 1.0,
      "attack_speed": 0.0,
      "armor": 23.0,
      "armor/helmet": 4.0,
      "armor/chestplate": 8.0,
      "armor/leggings": 7.0,
      "armor/boots": 4.0,
      "armor_toughness": 9.0,
      "magic_armor": 4.0,
      "ranged_damage": 3.0,
      "ranged_speed": -0.2,
      "projectile_speed": 0.9,
      "projectile_accuracy": 1.1,
      "rarity": 78.0,
      "silentgems:chargeability": 0.8
    },
    "rod": {
      "durability": {
        "mul2": 0.3
      },
      "harvest_speed": {
        "mul2": 0.3
      },
      "rarity": 53.0
    },
    "tip": {
      "durability": {
        "add": 457.0
      },
      "armor_durability": {
        "add": 15.0
      },
      "harvest_level": {
        "max": 3.0
      },
      "harvest_speed": {
        "add": 2.5
      },
      "melee_damage": {
        "add": 2.8
      },
      "magic_damage": {
        "add": 1.0
      },
      "ranged_damage": {
        "add": 0.75
      },
      "rarity": {
        "add": 24.0
      }
    },
    "adornment": {}
  },
  "traits": {
    "main": [
      {
        "name": "silentgear:brittle",
        "level": 1
      },
      {
        "name": "silentgear:lustrous",
        "level": 1,
        "conditions": [
          {
            "type": "silentgear:or",
            "values": [
              {
                "type": "silentgear:material_count",
                "count": 3
              },
              {
                "type": "silentgear:material_ratio",
                "ratio": 0.5
              }
            ]
          }
        ]
      }
    ],
    "rod": [
      {
        "name": "silentgear:brittle",
        "level": 4,
        "conditions": [
          {
            "type": "silentgear:material_ratio",
            "ratio": 0.5
          }
        ]
      },
      {
        "name": "silentgear:lustrous",
        "level": 4,
        "conditions": [
          {
            "type": "silentgear:material_ratio",
            "ratio": 0.5
          }
        ]
      }
    ],
    "tip": [
      {
        "name": "silentgear:brittle",
        "level": 2
      },
      {
        "name": "silentgear:lustrous",
        "level": 2
      }
    ],
    "adornment": [
      {
        "name": "silentgear:bastion",
        "level": 1
      }
    ]
  }
}