{
    "availability": {
      "tier": 2,
      "categories": [
        "metal"
      ],
      "visible": true,
      "gear_blacklist": [],
      "can_salvage": true
    },
    "crafting_items": {
      "main": {
        "item": "astralsorcery:starmetal_ingot"
      }
    },
    "name": {
      "translate": "Starmetal"
    },
    "stats": {
      "main": {
        "durability": 250.0,
        "armor_durability": 15.0,
        "enchantability": 20.0,
        "harvest_level": 2.2,
        "harvest_speed": 6.0,
        "melee_damage": 2.0,
        "magic_damage": 2.0,
        "attack_speed": 0.0,
        "attack_speed/axe": -0.1,
        "armor": 16.0,
        "armor/helmet": 3.0,
        "armor/chestplate": 6.0,
        "armor/leggings": 5.0,
        "armor/boots": 2.0,
        "magic_armor": 6.0,
        "ranged_damage": 1.2,
        "ranged_speed": 0.1,
        "projectile_speed": 1.1,
        "projectile_accuracy": 1.2,
        "rarity": 22.0,
        "silentgems:chargeability": 0.8
      },
      "rod": {
        "durability": {
          "mul2": 0.18
        },
        "melee_damage": {
          "mul2": 0.15
        },
        "rarity": 21.0
      },
      "tip": {
        "durability": {
          "add": 128.0
        },
        "armor_durability": {
          "add": 4.0
        },
        "harvest_level": {
          "max": 2.0
        },
        "harvest_speed": {
          "add": 1.0
        },
        "melee_damage": {
          "add": 1.0
        },
        "ranged_speed": {
          "add": 0.3
        },
        "rarity": {
          "add": 9.0
        }
      }
    },
    "traits": {
      "main": [
        {
          "name": "silentgear:malleable",
          "level": 3
        },
        {
          "name": "silentgear:magnetic",
          "level": 1,
          "conditions": [
            {
              "type": "silentgear:material_ratio",
              "ratio": 0.66
            }
          ]
        },
        {
            "name": "silentgear:stellar",
            "level": 1,
            "conditions": [
                {
                  "type": "silentgear:material_ratio",
                  "ratio": 0.66
                }
            ]
        }
      ],
      "rod": [
        {
          "name": "silentgear:magnetic",
          "level": 3,
          "conditions": [
            {
              "type": "silentgear:material_ratio",
              "ratio": 0.5
            }
          ]
        }
      ],
      "tip": [
        {
          "name": "silentgear:malleable",
          "level": 2
        }
      ]
    }
  }