{
  "availability": {
    "tier": 4,
    "categories": [
      "gem"
    ],
    "visible": true,
    "gear_blacklist": [],
    "can_salvage": true
  },
  "crafting_items": {
    "main": {
      "item": "mysticalagriculture:supremium_gemstone"
    }
  },
  "name": {
    "text": "Supremium"
  },
  "stats": {
    "main": {
      "durability": 8000.0,
      "armor_durability": 280.0,
      "enchantability": 22.0,
      "harvest_level": 5.0,
      "harvest_speed": 25.0,
      "melee_damage": 20.0,
      "magic_damage": 1.0,
      "attack_speed": 0.0,
      "armor": 29.0,
      "armor/helmet": 6.0,
      "armor/chestplate": 10.0,
      "armor/leggings": 8.0,
      "armor/boots": 5.0,
      "armor_toughness": 12.0,
      "magic_armor": 4.0,
      "ranged_damage": 4.1,
      "ranged_speed": -0.2,
      "projectile_speed": 0.9,
      "projectile_accuracy": 1.1,
      "rarity": 100.0,
      "silentgems:chargeability": 0.7
    },
    "rod": {
      "durability": {
        "mul2": 0.5
      },
      "harvest_speed": {
        "mul2": 0.5
      },
      "rarity": 70.0
    },
    "tip": {
      "durability": {
        "add": 1245.0
      },
      "armor_durability": {
        "add": 40.0
      },
      "harvest_level": {
        "max": 5.0
      },
      "harvest_speed": {
        "add": 3.25
      },
      "melee_damage": {
        "add": 3.5
      },
      "magic_damage": {
        "add": 1.0
      },
      "ranged_damage": {
        "add": 0.92
      },
      "rarity": {
        "add": 44.0
      }
    },
    "adornment": {}
  },
  "traits": {
    "main": [
      {
        "name": "silentgear:lustrous",
        "level": 1,
        "conditions": [
          {
            "type": "silentgear:or",
            "values": [
              {
                "type": "silentgear:material_count",
                "count": 3
              },
              {
                "type": "silentgear:material_ratio",
                "ratio": 0.5
              }
            ]
          }
        ]
      },
      {
        "name": "silentgear:indestructible",
        "level": 1,
        "conditions": [
            {
              "type": "silentgear:or",
              "values": [
                {
                  "type": "silentgear:material_count",
                  "count": 4
                },
                {
                  "type": "silentgear:material_ratio",
                  "ratio": 0.65
                }
              ]
            }
        ]
      }
    ],
    "rod": [
      {
        "name": "silentgear:lustrous",
        "level": 4,
        "conditions": [
          {
            "type": "silentgear:material_ratio",
            "ratio": 0.5
          }
        ]
      }
    ],
    "tip": [
      {
        "name": "silentgear:lustrous",
        "level": 2
      }
    ],
    "adornment": [
      {
        "name": "silentgear:bastion",
        "level": 2
      }
    ]
  }
}