{
  "availability": {
    "tier": 3,
    "categories": [
      "gem"
    ],
    "visible": true,
    "gear_blacklist": [],
    "can_salvage": true
  },
  "crafting_items": {
    "main": {
      "item": "mysticalagriculture:tertium_gemstone"
    }
  },
  "name": {
    "text": "Tertium"
  },
  "stats": {
    "main": {
      "durability": 4000.0,
      "armor_durability": 80.0,
      "enchantability": 16.0,
      "harvest_level": 4.0,
      "harvest_speed": 14.0,
      "melee_damage": 9.0,
      "magic_damage": 1.0,
      "attack_speed": 0.0,
      "armor": 26.0,
      "armor/helmet": 5.0,
      "armor/chestplate": 9.0,
      "armor/leggings": 8.0,
      "armor/boots": 4.0,
      "armor_toughness": 10.0,
      "magic_armor": 4.0,
      "ranged_damage": 3.5,
      "ranged_speed": -0.2,
      "projectile_speed": 0.9,
      "projectile_accuracy": 1.1,
      "rarity": 84.0,
      "silentgems:chargeability": 0.75
    },
    "rod": {
      "durability": {
        "mul2": 0.35
      },
      "harvest_speed": {
        "mul2": 0.35
      },
      "rarity": 57.0
    },
    "tip": {
      "durability": {
        "add": 639.0
      },
      "armor_durability": {
        "add": 21.0
      },
      "harvest_level": {
        "max": 4.0
      },
      "harvest_speed": {
        "add": 2.75
      },
      "melee_damage": {
        "add": 3.0
      },
      "magic_damage": {
        "add": 1.0
      },
      "ranged_damage": {
        "add": 0.8
      },
      "rarity": {
        "add": 29.0
      }
    },
    "adornment": {}
  },
  "traits": {
    "main": [
      {
        "name": "silentgear:brittle",
        "level": 1
      },
      {
        "name": "silentgear:lustrous",
        "level": 1,
        "conditions": [
          {
            "type": "silentgear:or",
            "values": [
              {
                "type": "silentgear:material_count",
                "count": 3
              },
              {
                "type": "silentgear:material_ratio",
                "ratio": 0.5
              }
            ]
          }
        ]
      }
    ],
    "rod": [
      {
        "name": "silentgear:brittle",
        "level": 4,
        "conditions": [
          {
            "type": "silentgear:material_ratio",
            "ratio": 0.5
          }
        ]
      },
      {
        "name": "silentgear:lustrous",
        "level": 4,
        "conditions": [
          {
            "type": "silentgear:material_ratio",
            "ratio": 0.5
          }
        ]
      }
    ],
    "tip": [
      {
        "name": "silentgear:brittle",
        "level": 2
      },
      {
        "name": "silentgear:lustrous",
        "level": 2
      }
    ],
    "adornment": [
      {
        "name": "silentgear:bastion",
        "level": 1
      }
    ]
  }
}