{
    "main/all": [
      {
        "texture": "silentgear:main_generic_hc",
        "color": "#EDAE66"
      },
      {
        "texture": "silentgear:_highlight"
      }
    ],
    "main/fragment": [
      {
        "texture": "silentgear:metal",
        "color": "#EDAE66"
      }
    ],
    "rod/all": [
      {
        "texture": "silentgear:rod_generic_lc",
        "color": "#EDAE66"
      }
    ],
    "rod/part": [
      {
        "texture": "silentgear:rod",
        "color": "#EDAE66"
      }
    ],
    "tip/all": [
      {
        "texture": "silentgear:tip_smooth",
        "color": "#EDAE66"
      }
    ],
    "tip/part": [
      {
        "texture": "silentgear:tip_base"
      },
      {
        "texture": "silentgear:tip",
        "color": "#EDAE66"
      },
      {
        "texture": "silentgear:tip_shine"
      }
    ],
    "coating/all": [
      {
        "texture": "silentgear:main_generic_hc",
        "color": "#EDAE66"
      },
      {
        "texture": "silentgear:_highlight"
      }
    ],
    "coating/part": [
      {
        "texture": "silentgear:coating_material",
        "color": "#EDAE66"
      },
      {
        "texture": "silentgear:coating_jar"
      }
    ]
}