{
  "main/all": [
    {
      "texture": "silentgear:main_generic_hc",
      "color": "#D8B6A7"
    },
    {
      "texture": "silentgear:_highlight",
      "color": "#D8B6A7"
    }
  ],
  "main/armor": [
    {
      "texture": "silentgear:main_generic_hc",
      "color": "#D8B6A7"
    },
    {
      "texture": "silentgear:_highlight",
      "color": "#D8B6A7"
    }
  ],
  "rod/all": [
    {
      "texture": "silentgear:rod_generic_lc",
      "color": "#D8B6A7"
    }
  ],
  "tip/all": [
    {
      "texture": "silentgear:tip_iron",
      "color": "#D8B6A7"
    }
  ]
}