{
    "main/all": [
      {
        "texture": "silentgear:main_generic_hc",
        "color": "#9F9E95"
      },
      {
        "texture": "silentgear:_highlight"
      }
    ],
    "main/fragment": [
      {
        "texture": "silentgear:metal",
        "color": "#9F9E95"
      }
    ],
    "rod/all": [
      {
        "texture": "silentgear:rod_generic_hc",
        "color": "#9F9E95"
      }
    ],
    "rod/part": [
      {
        "texture": "silentgear:rod",
        "color": "#9F9E95"
      }
    ]
}