{
    "main/all": [
      {
        "texture": "silentgear:main_generic_hc",
        "color": "#0032A8"
      },
      {
        "texture": "silentgear:_highlight",
        "color": "#0032A8"
      }
    ],
    "main/fragment": [
      {
        "texture": "silentgear:metal",
        "color": "#0032A8"
      }
    ],
    "rod/all": [
      {
        "texture": "silentgear:rod_generic_lc",
        "color": "#0032A8"
      }
    ],
    "rod/part": [
      {
        "texture": "silentgear:rod",
        "color": "#0032A8"
      }
    ],
    "tip/all": [
      {
        "texture": "silentgear:tip_sharp",
        "color": "#0032A8"
      }
    ],
    "tip/part": [
      {
        "texture": "silentgear:tip_base",
        "color": "#0032A8"
      },
      {
        "texture": "silentgear:tip",
        "color": "#0032A8"
      },
      {
        "texture": "silentgear:tip_shine",
        "color": "#0032A8"
      }
    ]
}