{
    "main/all": [
      {
        "texture": "silentgear:main_generic_hc",
        "color": "#D04200"
      },
      {
        "texture": "silentgear:_highlight"
      }
    ],
    "main/fragment": [
      {
        "texture": "silentgear:metal",
        "color": "#D04200"
      }
    ],
    "rod/all": [
      {
        "texture": "silentgear:rod_generic_hc",
        "color": "#D04200"
      }
    ],
    "rod/part": [
      {
        "texture": "silentgear:rod",
        "color": "#D04200"
      }
    ],
    "tip/all": [
      {
        "texture": "silentgear:tip_sharp",
        "color": "#D04200"
      }
    ],
    "tip/part": [
      {
        "texture": "silentgear:tip_base"
      },
      {
        "texture": "silentgear:tip",
        "color": "#D04200"
      },
      {
        "texture": "silentgear:tip_shine"
      }
    ],
    "adornment/all": [
      {
        "texture": "silentgear:adornment_generic",
        "color": "#D04200"
      },
      {
        "texture": "silentgear:adornment_highlight",
        "color": "#D04200"
      }
    ],
    "adornment/part": [
      {
        "texture": "silentgear:adornment",
        "color": "#D04200"
      },
      {
        "texture": "silentgear:adornment_highlight"
      }
    ]
}