{
    "type": "botanypots:crop",
    "conditions": [
        {
            "type": "forge:mod_loaded",
            "modid": "mysticalagriculture"
        },
        {
            "type": "mysticalagriculture:crop_enabled",
            "crop": "mysticalagriculture:cobalt"
        }
    ],
    "seed": {
        "item": "mysticalagriculture:cobalt_seeds"
    },
    "categories": [
        "imperium"
    ],
    "growthTicks": 4000,
    "display": {
        "block": "mysticalagriculture:cobalt_crop",
        "properties": {
            "age": 7
        }
    },
    "results": [
        {
            "chance": 0.75,
            "output": {
                "item": "mysticalagriculture:cobalt_essence"
            },
            "minRolls": 1,
            "maxRolls": 1
        },
        {
            "chance": 0.01,
            "output": {
                "item": "mysticalagriculture:cobalt_seeds"
            },
            "minRolls": 1,
            "maxRolls": 1
        },
        {
            "chance": 0.01,
            "output": {
                "item": "mysticalagriculture:fertilized_essence"
            },
            "minRolls": 1,
            "maxRolls": 1
        }
    ]
}